<?xml version="1.0" encoding="US-ASCII"?>
<l:l10n xmlns:l="http://docbook.sourceforge.net/xmlns/l10n/1.0" language="xh" english-language-name="Xhosa">

<!-- This file is generated automatically. -->
<!-- Do not edit this file by hand! -->
<!-- See http://docbook.sourceforge.net/ -->
<!-- To update this file: edit the corresponding document at -->
<!-- http://cvs.sourceforge.net/cgi-bin/viewcvs.cgi/docbook/gentext/locale/ -->

   <l:gentext key="Abstract" text="Isiqalo"/>
   <l:gentext key="abstract" text="Isiqalo"/>
   <l:gentext key="Answer" text="I:"/>
   <l:gentext key="answer" text="I:"/>
   <l:gentext key="Appendix" text="Isivalo"/>
   <l:gentext key="appendix" text="isivalo"/>
   <l:gentext key="Article" text="Umba"/>
   <l:gentext key="article" text="Umba"/>
   <l:gentext key="Bibliography" text="Ezobunzululwazi"/>
   <l:gentext key="bibliography" text="Ezobunzululwazi"/>
   <l:gentext key="Book" text="Incwadi"/>
   <l:gentext key="book" text="Incwadi"/>
   <l:gentext key="CAUTION" text="ISILUMKISO"/>
   <l:gentext key="Caution" text="Isilumkiso"/>
   <l:gentext key="caution" text="Isilumkiso"/>
   <l:gentext key="Chapter" text="Isiqendu"/>
   <l:gentext key="chapter" text="isiqendu"/>
   <l:gentext key="Colophon" text="Ikolophon"/>
   <l:gentext key="colophon" text="Ikolophon"/>
   <l:gentext key="Copyright" text="Ushicilelo olusemthethweni"/>
   <l:gentext key="copyright" text="Ushicilelo olusemthethweni"/>
   <l:gentext key="Dedication" text="Ulwaziso"/>
   <l:gentext key="dedication" text="Ulwaziso"/>
   <l:gentext key="Edition" text="Uhlelo"/>
   <l:gentext key="edition" text="Uhlelo"/>
   <l:gentext key="Equation" text="Ulinganiselo"/>
   <l:gentext key="equation" text="Ulinganiselo"/>
   <l:gentext key="Example" text="Umzekelo"/>
   <l:gentext key="example" text="Umzekelo"/>
   <l:gentext key="Figure" text="Ulungu"/>
   <l:gentext key="figure" text="Ulungu"/>
   <l:gentext key="Glossary" text="Inkcazelo yamagama"/>
   <l:gentext key="glossary" text="Inkcazelo yamagama"/>
   <l:gentext key="GlossSee" text="Bona"/>
   <l:gentext key="glosssee" text="Bona"/>
   <l:gentext key="GlossSeeAlso" text="Bona Kwakhona"/>
   <l:gentext key="glossseealso" text="Bona Kwakhona"/>
   <l:gentext key="IMPORTANT" text="IBALULEKILE"/>
   <l:gentext key="important" text="Ibalulekile"/>
   <l:gentext key="Important" text="Ibalulekile"/>
   <l:gentext key="Index" text="Isalathiso"/>
   <l:gentext key="index" text="Isalathiso"/>
   <l:gentext key="ISBN" text="iISBN"/>
   <l:gentext key="isbn" text="iISBN"/>
   <l:gentext key="LegalNotice" text="Isaziso Esesimthethweni"/>
   <l:gentext key="legalnotice" text="Isaziso Esesimthethweni"/>
   <l:gentext key="MsgAud" text="Ababhali"/>
   <l:gentext key="msgaud" text="Ababhali"/>
   <l:gentext key="MsgLevel" text="Umphakamo"/>
   <l:gentext key="msglevel" text="Umphakamo"/>
   <l:gentext key="MsgOrig" text="Uqobo"/>
   <l:gentext key="msgorig" text="Uqobo"/>
   <l:gentext key="NOTE" text="QAPHELA"/>
   <l:gentext key="Note" text="Qaphela"/>
   <l:gentext key="note" text="Qaphela"/>
   <l:gentext key="Part" text="Inxenye"/>
   <l:gentext key="part" text="Inxenye"/>
   <l:gentext key="Preface" text="Isihloko"/>
   <l:gentext key="preface" text="Isihloko"/>
   <l:gentext key="Procedure" text="Inkqubo"/>
   <l:gentext key="procedure" text="Inkqubo"/>
   <l:gentext key="ProductionSet" text="Imveliso"/>
   <l:gentext key="Published" text="Ipapashwe"/>
   <l:gentext key="published" text="Ipapashwe"/>
   <l:gentext key="Question" text="U:"/>
   <l:gentext key="question" text="U:"/>
   <l:gentext key="RefEntry" text=""/>
   <l:gentext key="refentry" text=""/>
   <l:gentext key="Reference" text="Uthelekiso"/>
   <l:gentext key="reference" text="Uthelekiso"/>
   <l:gentext key="RefName" text="Igama lothelekiso"/>
   <l:gentext key="refname" text="Igama lothelekiso"/>
   <l:gentext key="RefSection" text=""/>
   <l:gentext key="refsection" text=""/>
   <l:gentext key="RefSynopsisDiv" text="Isinopsisi"/>
   <l:gentext key="refsynopsisdiv" text="Isinopsisi"/>
   <l:gentext key="RevHistory" text="Imbali yophindo"/>
   <l:gentext key="revhistory" text="Imbali yophindo"/>
   <l:gentext key="revision" text="Iphindo"/>
   <l:gentext key="Revision" text="Iphindo"/>
   <l:gentext key="sect1" text="Icandelo"/>
   <l:gentext key="sect2" text="Icandelo"/>
   <l:gentext key="sect3" text="Icandelo"/>
   <l:gentext key="sect4" text="Icandelo"/>
   <l:gentext key="sect5" text="Icandelo"/>
   <l:gentext key="section" text="Icandelo"/>
   <l:gentext key="Section" text="Icandelo"/>
   <l:gentext key="See" text="Bona"/>
   <l:gentext key="see" text="Bona"/>
   <l:gentext key="SeeAlso" text="Bona Kwakhona"/>
   <l:gentext key="seealso" text="Bona Kwakhona"/>
   <l:gentext key="Seealso" text="Bona Kwakhona"/>
   <l:gentext key="set" text="Cwangcisa"/>
   <l:gentext key="Set" text="Cwangcisa"/>
   <l:gentext key="setindex" text="Cwangcisa Isalathiso"/>
   <l:gentext key="SetIndex" text="Cwangcisa Isalathiso"/>
   <l:gentext key="Sidebar" text=""/>
   <l:gentext key="sidebar" text="ibar esecaleni"/>
   <l:gentext key="step" text="inqwanqwa"/>
   <l:gentext key="Step" text="Inqwanqwa"/>
   <l:gentext key="Table" text="Indlela Yokwenza Imigca"/>
   <l:gentext key="table" text="Indlela Yokwenza Imigca"/>
   <l:gentext key="tip" text="Incam"/>
   <l:gentext key="TIP" text="INCAM"/>
   <l:gentext key="Tip" text="Incam"/>
   <l:gentext key="Warning" text="Isilumkiso"/>
   <l:gentext key="warning" text="Isilumkiso"/>
   <l:gentext key="WARNING" text="ISILUMKISO"/>
   <l:gentext key="and" text="no"/>
   <l:gentext key="by" text="by"/>
   <l:gentext key="Edited" text="Ihleliwe"/>
   <l:gentext key="edited" text="Ihleliwe"/>
   <l:gentext key="Editedby" text="Ihlelwe"/>
   <l:gentext key="editedby" text="Ihlelwe"/>
   <l:gentext key="in" text="in"/>
   <l:gentext key="lastlistcomma" text=", "/>
   <l:gentext key="listcomma" text=", "/>
   <l:gentext key="nonexistantelement" text="isiqalelo esingekhayo"/>
   <l:gentext key="notes" text="Iziqaphelo"/>
   <l:gentext key="Notes" text="Iziqaphelo"/>
   <l:gentext key="Pgs" text="Amaphepha"/>
   <l:gentext key="pgs" text="Amaphepha"/>
   <l:gentext key="Revisedby" text="Iphindwe ngu: "/>
   <l:gentext key="revisedby" text="Iphindwe ngu:"/>
   <l:gentext key="TableNotes" text="Iziqaphelo"/>
   <l:gentext key="tablenotes" text="Iziqaphelo"/>
   <l:gentext key="TableofContents" text="Imigca Yemixholo"/>
   <l:gentext key="tableofcontents" text="Imigca Yemixholo"/>
   <l:gentext key="unexpectedelementname" text="Igama lesiqalelo esingalindelwanga"/>
   <l:gentext key="unsupported" text="ayixhaswanga"/>
   <l:gentext key="xrefto" text="thelekiso ku"/>
   <l:gentext key="listofequations" text="Uluhlu Lemilinganiselo"/>
   <l:gentext key="ListofEquations" text="Uluhlu Lemilinganiselo"/>
   <l:gentext key="ListofExamples" text="Uluhlu Lemizekelo"/>
   <l:gentext key="listofexamples" text="Uluhlu Lemizekelo"/>
   <l:gentext key="ListofFigures" text="Uluhlu Lamalungu"/>
   <l:gentext key="listoffigures" text="Uluhlu Lamalungu"/>
   <l:gentext key="listoftables" text="Uluhlu Lendlela Yokwenza Imigca"/>
   <l:gentext key="ListofTables" text="Uluhlu Lendlela Yokwenza Imigca"/>
   <l:gentext key="ListofUnknown" text="Uluhlu Lokungaziwayo"/>
   <l:gentext key="listofunknown" text="Uluhlu Lokungaziwayo"/>
   <l:gentext key="nav-home" text="Ikhaya"/>
   <l:gentext key="nav-next" text="Elandelayo"/>
   <l:gentext key="nav-next-sibling" text="Yisa Phambili"/>
   <l:gentext key="nav-prev" text="Edlulileyo"/>
   <l:gentext key="nav-prev-sibling" text="Yisa Emva"/>
   <l:gentext key="nav-up" text="Phezulu"/>
   <l:gentext key="sectioncalled" text="icandelo libizwa ngokuba"/>
   <l:gentext key="Draft" text="Draft"/>
   <l:gentext key="above" text="above"/>
   <l:gentext key="below" text="below"/>
   <l:gentext key="index symbols" text="Iimpawu"/>
   <l:gentext key="lowercase.alpha" text="abcdefghijklmnopqrstuvwxyz"/>
   <l:gentext key="uppercase.alpha" text="ABCDEFGHIJKLMNOPQRSTUVWXYZ"/>
   <l:dingbat key="startquote" text="&#8220;"/>
   <l:dingbat key="endquote" text="&#8221;"/>
   <l:dingbat key="nestedstartquote" text="&#8216;"/>
   <l:dingbat key="nestedendquote" text="&#8217;"/>
   <l:dingbat key="bullet" text="&#8226;"/>

   <l:context name="styles">
      <l:template name="person-name" text="first-last"/>
   </l:context>

   <l:context name="title">
      <l:template name="abstract" text="%t"/>
      <l:template name="answer" text="%t"/>
      <l:template name="appendix" text="Isivalo %n. %t"/>
      <l:template name="article" text="%t"/>
      <l:template name="authorblurb" text="%t"/>
      <l:template name="bibliodiv" text="%t"/>
      <l:template name="biblioentry" text="%t"/>
      <l:template name="bibliography" text="%t"/>
      <l:template name="bibliomixed" text="%t"/>
      <l:template name="bibliomset" text="%t"/>
      <l:template name="biblioset" text="%t"/>
      <l:template name="blockquote" text="%t"/>
      <l:template name="book" text="%t"/>
      <l:template name="calloutlist" text="%t"/>
      <l:template name="caution" text="%t"/>
      <l:template name="chapter" text="Isiqendu %n. %t"/>
      <l:template name="colophon" text="%t"/>
      <l:template name="dedication" text="%t"/>
      <l:template name="equation" text="Ulinganiselo %n. %t"/>
      <l:template name="example" text="Umzekelo %n. %t"/>
      <l:template name="figure" text="Ulungu %n. %t"/>
      <l:template name="formalpara" text="%t"/>
      <l:template name="glossary" text="%t"/>
      <l:template name="glossdiv" text="%t"/>
      <l:template name="important" text="%t"/>
      <l:template name="index" text="%t"/>
      <l:template name="indexdiv" text="%t"/>
      <l:template name="itemizedlist" text="%t"/>
      <l:template name="legalnotice" text="%t"/>
      <l:template name="listitem" text=""/>
      <l:template name="lot" text="%t"/>
      <l:template name="msg" text="%t"/>
      <l:template name="msgexplan" text="%t"/>
      <l:template name="msgmain" text="%t"/>
      <l:template name="msgrel" text="%t"/>
      <l:template name="msgset" text="%t"/>
      <l:template name="msgsub" text="%t"/>
      <l:template name="note" text="%t"/>
      <l:template name="orderedlist" text="%t"/>
      <l:template name="part" text="Inxenye %n. %t"/>
      <l:template name="partintro" text="%t"/>
      <l:template name="preface" text="%t"/>
      <l:template name="procedure" text="%t"/>
      <l:template name="procedure.formal" text="Inkqubo %n. %t"/>
      <l:template name="productionset" text="%t"/>
      <l:template name="productionset.formal" text="Imveliso %n"/>
      <l:template name="qandadiv" text="%t"/>
      <l:template name="qandaentry" text="%t"/>
      <l:template name="qandaset" text="%t"/>
      <l:template name="question" text="%t"/>
      <l:template name="refentry" text="%t"/>
      <l:template name="reference" text="%t"/>
      <l:template name="refsection" text="%t"/>
      <l:template name="refsect1" text="%t"/>
      <l:template name="refsect2" text="%t"/>
      <l:template name="refsect3" text="%t"/>
      <l:template name="refsynopsisdiv" text="%t"/>
      <l:template name="refsynopsisdivinfo" text="%t"/>
      <l:template name="segmentedlist" text="%t"/>
      <l:template name="set" text="%t"/>
      <l:template name="setindex" text="%t"/>
      <l:template name="sidebar" text="%t"/>
      <l:template name="step" text="%t"/>
      <l:template name="table" text="Indlela Yokwenza Imigca %n. %t"/>
      <l:template name="tip" text="%t"/>
      <l:template name="toc" text="%t"/>
      <l:template name="variablelist" text="%t"/>
      <l:template name="varlistentry" text=""/>
      <l:template name="warning" text="%t"/>
   </l:context>

   <l:context name="title-unnumbered">
      <l:template name="appendix" text="%t"/>
      <l:template name="bridgehead" text="%t"/>
      <l:template name="chapter" text="%t"/>
      <l:template name="sect1" text="%t"/>
      <l:template name="sect2" text="%t"/>
      <l:template name="sect3" text="%t"/>
      <l:template name="sect4" text="%t"/>
      <l:template name="sect5" text="%t"/>
      <l:template name="section" text="%t"/>
      <l:template name="simplesect" text="%t"/>
   </l:context>

   <l:context name="title-numbered">
      <l:template name="appendix" text="Isivalo %n. %t"/>
      <l:template name="bridgehead" text="%n. %t"/>
      <l:template name="chapter" text="Isiqendu %n. %t"/>
      <l:template name="sect1" text="%n. %t"/>
      <l:template name="sect2" text="%n. %t"/>
      <l:template name="sect3" text="%n. %t"/>
      <l:template name="sect4" text="%n. %t"/>
      <l:template name="sect5" text="%n. %t"/>
      <l:template name="section" text="%n. %t"/>
      <l:template name="simplesect" text="%t"/>
   </l:context>

   <l:context name="subtitle">
      <l:template name="appendix" text="%s"/>
      <l:template name="article" text="%s"/>
      <l:template name="bibliodiv" text="%s"/>
      <l:template name="biblioentry" text="%s"/>
      <l:template name="bibliography" text="%s"/>
      <l:template name="bibliomixed" text="%s"/>
      <l:template name="bibliomset" text="%s"/>
      <l:template name="biblioset" text="%s"/>
      <l:template name="book" text="%s"/>
      <l:template name="chapter" text="%s"/>
      <l:template name="colophon" text="%s"/>
      <l:template name="dedication" text="%s"/>
      <l:template name="glossary" text="%s"/>
      <l:template name="glossdiv" text="%s"/>
      <l:template name="index" text="%s"/>
      <l:template name="indexdiv" text="%s"/>
      <l:template name="lot" text="%s"/>
      <l:template name="part" text="%s"/>
      <l:template name="partintro" text="%s"/>
      <l:template name="preface" text="%s"/>
      <l:template name="refentry" text="%s"/>
      <l:template name="reference" text="%s"/>
      <l:template name="refsection" text="%s"/>
      <l:template name="refsect1" text="%s"/>
      <l:template name="refsect2" text="%s"/>
      <l:template name="refsect3" text="%s"/>
      <l:template name="refsynopsisdiv" text="%s"/>
      <l:template name="sect1" text="%s"/>
      <l:template name="sect2" text="%s"/>
      <l:template name="sect3" text="%s"/>
      <l:template name="sect4" text="%s"/>
      <l:template name="sect5" text="%s"/>
      <l:template name="section" text="%s"/>
      <l:template name="set" text="%s"/>
      <l:template name="setindex" text="%s"/>
      <l:template name="sidebar" text="%s"/>
      <l:template name="simplesect" text="%s"/>
      <l:template name="toc" text="%s"/>
   </l:context>

   <l:context name="xref">
      <l:template name="abstract" text="%t"/>
      <l:template name="answer" text="I:&#160;%n"/>
      <l:template name="appendix" text="Isivalo %n"/>
      <l:template name="article" text="%t"/>
      <l:template name="authorblurb" text="%t"/>
      <l:template name="bibliodiv" text="%t"/>
      <l:template name="bibliography" text="%t"/>
      <l:template name="bibliomset" text="%t"/>
      <l:template name="biblioset" text="%t"/>
      <l:template name="blockquote" text="%t"/>
      <l:template name="book" text="%t"/>
      <l:template name="calloutlist" text="%t"/>
      <l:template name="caution" text="%t"/>
      <l:template name="chapter" text="Isiqendu %n"/>
      <l:template name="colophon" text="%t"/>
      <l:template name="constraintdef" text="%t"/>
      <l:template name="dedication" text="%t"/>
      <l:template name="equation" text="Ulinganiselo&#160;%n"/>
      <l:template name="example" text="Umzekelo %n"/>
      <l:template name="figure" text="Ulungu %n"/>
      <l:template name="formalpara" text="%t"/>
      <l:template name="glossary" text="%t"/>
      <l:template name="glossdiv" text="%t"/>
      <l:template name="important" text="%t"/>
      <l:template name="index" text="%t"/>
      <l:template name="indexdiv" text="%t"/>
      <l:template name="itemizedlist" text="%t"/>
      <l:template name="legalnotice" text="%t"/>
      <l:template name="listitem" text="%n"/>
      <l:template name="lot" text="%t"/>
      <l:template name="msg" text="%t"/>
      <l:template name="msgexplan" text="%t"/>
      <l:template name="msgmain" text="%t"/>
      <l:template name="msgrel" text="%t"/>
      <l:template name="msgset" text="%t"/>
      <l:template name="msgsub" text="%t"/>
      <l:template name="note" text="%t"/>
      <l:template name="orderedlist" text="%t"/>
      <l:template name="part" text="Inxenye %n"/>
      <l:template name="partintro" text="%t"/>
      <l:template name="preface" text="%t"/>
      <l:template name="procedure" text="Inkqubo&#160;%n"/>
      <l:template name="productionset" text="%t"/>
      <l:template name="qandadiv" text="%t"/>
      <l:template name="qandaentry" text="U:&#160;%n"/>
      <l:template name="qandaset" text="%t"/>
      <l:template name="question" text="U:&#160;%n"/>
      <l:template name="reference" text="%t"/>
      <l:template name="refsection" text="%t"/>
      <l:template name="refsect1" text="%t"/>
      <l:template name="refsect2" text="%t"/>
      <l:template name="refsect3" text="%t"/>
      <l:template name="refsynopsisdiv" text="%t"/>
      <l:template name="segmentedlist" text="%t"/>
      <l:template name="set" text="%t"/>
      <l:template name="setindex" text="%t"/>
      <l:template name="sidebar" text="%t"/>
      <l:template name="table" text="Indlela Yokwenza Imigca %n"/>
      <l:template name="tip" text="%t"/>
      <l:template name="toc" text="%t"/>
      <l:template name="variablelist" text="%t"/>
      <l:template name="varlistentry" text="%n"/>
      <l:template name="varlistentry" text="%n"/>
      <l:template name="warning" text="%t"/>
      <l:template name="page.citation" text=" [%p]"/>
   </l:context>

   <l:context name="section-xref">
      <l:template name="bridgehead" text="icandelo libizwa ngokuba &#8220;%t&#8221;"/>
      <l:template name="refsection" text="icandelo libizwa ngokuba &#8220;%t&#8221;"/>
      <l:template name="refsect1" text="icandelo libizwa ngokuba &#8220;%t&#8221;"/>
      <l:template name="refsect2" text="icandelo libizwa ngokuba &#8220;%t&#8221;"/>
      <l:template name="refsect3" text="icandelo libizwa ngokuba &#8220;%t&#8221;"/>
      <l:template name="sect1" text="icandelo libizwa ngokuba &#8220;%t&#8221;"/>
      <l:template name="sect2" text="icandelo libizwa ngokuba &#8220;%t&#8221;"/>
      <l:template name="sect3" text="icandelo libizwa ngokuba &#8220;%t&#8221;"/>
      <l:template name="sect4" text="icandelo libizwa ngokuba &#8220;%t&#8221;"/>
      <l:template name="sect5" text="icandelo libizwa ngokuba &#8220;%t&#8221;"/>
      <l:template name="section" text="icandelo libizwa ngokuba &#8220;%t&#8221;"/>
      <l:template name="simplesect" text="icandelo libizwa ngokuba &#8220;%t&#8221;"/>
   </l:context>

   <l:context name="section-xref-numbered">
      <l:template name="bridgehead" text="Icandelo %n"/>
      <l:template name="refsection" text="icandelo libizwa ngokuba &#8220;%t&#8221;"/>
      <l:template name="refsect1" text="icandelo libizwa ngokuba &#8220;%t&#8221;"/>
      <l:template name="refsect2" text="icandelo libizwa ngokuba &#8220;%t&#8221;"/>
      <l:template name="refsect3" text="icandelo libizwa ngokuba &#8220;%t&#8221;"/>
      <l:template name="sect1" text="Icandelo %n"/>
      <l:template name="sect2" text="Icandelo %n"/>
      <l:template name="sect3" text="Icandelo %n"/>
      <l:template name="sect4" text="Icandelo %n"/>
      <l:template name="sect5" text="Icandelo %n"/>
      <l:template name="section" text="Icandelo %n"/>
      <l:template name="simplesect" text="icandelo libizwa ngokuba &#8220;%t&#8221;"/>
   </l:context>

   <l:context name="authorgroup">
      <l:template name="sep" text=" no "/>
      <l:template name="sep2" text=" no "/>
      <l:template name="seplast" text=" no "/>
   </l:context>

   <l:context name="glossary">
      <l:template name="see" text="Bona "/>
      <l:template name="seealso" text="Bona Kwakhona "/>
   </l:context>

   <l:context name="msgset">
      <l:template name="MsgAud" text="Ababhali: "/>
      <l:template name="MsgLevel" text="Umphakamo: "/>
      <l:template name="MsgOrig" text="Uqobo: "/>
   </l:context>
</l:l10n>
